{
  "03-05-2019-133834": {
    "kccq12Score": 49.48,
    "physicalLimitationScore": 58.333333333333336,
    "qualityOfLifeScore": 37.5,
    "socialLimitationScore": 66.66666666666666,
    "symptomFrequencyScore": 35.41666666666667
  }
}