{
  "03-09-2019-114142": {
    "kccq12Score": 42.19,
    "physicalLimitationScore": 33.333333333333336,
    "qualityOfLifeScore": 62.5,
    "socialLimitationScore": 33.333333333333336,
    "symptomFrequencyScore": 39.583333333333336
  }
}